"item","priority","kind","line","intended","gloss","dialect_1to5 (1 not Iraqi, 3 understandable but off or MSA-mixed, 5 a Baghdadi would say it so)","naturalness_1to5","same_voice_as_seed_1to5 (lines only)","چ_as_ch (yes/no/unsure; L3 الچاي, L4 باچر)","گ_as_g (yes/no/unsure; L2 گلتلك, L4 نگعد بالگهوة)","flagged_words","note","file (facilitator only: hide from the listener)"
"item-01","1","Habibi IRQ line","L3","الچاي حار هواية، انطيني شوية مي بارد.","The tea is very hot, give me a little cold water.","","","","","","","","renders/msa-male-c2-L3.wav"
"item-02","1","Habibi IRQ line","L3","الچاي حار هواية، انطيني شوية مي بارد.","The tea is very hot, give me a little cold water.","","","","","","","","renders/iraqi-female-c2-L3.wav"
"item-03","1","seed (design engine output: the reference Habibi heard)","—","أضاءت أنوار الميناء واحدًا تلو الآخر، ولم ينطق أحد بكلمة. هل ستبقى هنا حين تعود العبّارة؟","The harbour lights came on one by one, and nobody said a word. Will you still be here when the ferry returns?","","","","","","","","seeds/msa-female-c1-s4001-24k.wav"
"item-04","1","seed (design engine output: the reference Habibi heard)","—","شلونك؟ اليوم الجو حار هواية، خلي نروح للسوگ باچر الصبح ونشتري خضرة، وبعدين نرجع للبيت.","How are you? It is very hot today; let us go to the market tomorrow morning, buy vegetables, then come home.","","","","","","","","seeds/iraqi-male-c2-s5003-24k.wav"
"item-05","1","seed (design engine output: the reference Habibi heard)","—","أضاءت أنوار الميناء واحدًا تلو الآخر، ولم ينطق أحد بكلمة. هل ستبقى هنا حين تعود العبّارة؟","The harbour lights came on one by one, and nobody said a word. Will you still be here when the ferry returns?","","","","","","","","seeds/msa-male-c2-s5002-24k.wav"
"item-06","1","Habibi IRQ line","L4","باچر الصبح نگعد وياكم بالگهوة.","Tomorrow morning we sit with you at the café.","","","","","","","","renders/msa-female-c2-L4.wav"
"item-07","1","seed (design engine output: the reference Habibi heard)","—","أضاءت أنوار الميناء واحدًا تلو الآخر، ولم ينطق أحد بكلمة. هل ستبقى هنا حين تعود العبّارة؟","The harbour lights came on one by one, and nobody said a word. Will you still be here when the ferry returns?","","","","","","","","seeds/msa-male-c1-s5001-24k.wav"
"item-08","1","Habibi IRQ line","L3","الچاي حار هواية، انطيني شوية مي بارد.","The tea is very hot, give me a little cold water.","","","","","","","","renders/iraqi-male-c2-L3.wav"
"item-09","1","Habibi IRQ line","L4","باچر الصبح نگعد وياكم بالگهوة.","Tomorrow morning we sit with you at the café.","","","","","","","","renders/iraqi-male-c2-L4.wav"
"item-10","1","Habibi IRQ line","L4","باچر الصبح نگعد وياكم بالگهوة.","Tomorrow morning we sit with you at the café.","","","","","","","","renders/msa-female-c1-L4.wav"
"item-11","1","Habibi IRQ line","L3","الچاي حار هواية، انطيني شوية مي بارد.","The tea is very hot, give me a little cold water.","","","","","","","","renders/iraqi-female-c1-L3.wav"
"item-12","1","Habibi IRQ line","L4","باچر الصبح نگعد وياكم بالگهوة.","Tomorrow morning we sit with you at the café.","","","","","","","","renders/iraqi-female-c2-L4.wav"
"item-13","1","seed (design engine output: the reference Habibi heard)","—","شلونك؟ اليوم الجو حار هواية، خلي نروح للسوگ باچر الصبح ونشتري خضرة، وبعدين نرجع للبيت.","How are you? It is very hot today; let us go to the market tomorrow morning, buy vegetables, then come home.","","","","","","","","seeds/iraqi-female-c2-s4002-24k.wav"
"item-14","1","seed (design engine output: the reference Habibi heard)","—","شلونك؟ اليوم الجو حار هواية، خلي نروح للسوگ باچر الصبح ونشتري خضرة، وبعدين نرجع للبيت.","How are you? It is very hot today; let us go to the market tomorrow morning, buy vegetables, then come home.","","","","","","","","seeds/iraqi-female-c1-s4001-24k.wav"
"item-15","1","Habibi IRQ line","L4","باچر الصبح نگعد وياكم بالگهوة.","Tomorrow morning we sit with you at the café.","","","","","","","","renders/msa-male-c1-L4.wav"
"item-16","1","Habibi IRQ line","L4","باچر الصبح نگعد وياكم بالگهوة.","Tomorrow morning we sit with you at the café.","","","","","","","","renders/msa-male-c2-L4.wav"
"item-17","1","seed (design engine output: the reference Habibi heard)","—","أضاءت أنوار الميناء واحدًا تلو الآخر، ولم ينطق أحد بكلمة. هل ستبقى هنا حين تعود العبّارة؟","The harbour lights came on one by one, and nobody said a word. Will you still be here when the ferry returns?","","","","","","","","seeds/msa-female-c2-s4002-24k.wav"
"item-18","1","Habibi IRQ line","L3","الچاي حار هواية، انطيني شوية مي بارد.","The tea is very hot, give me a little cold water.","","","","","","","","renders/msa-female-c2-L3.wav"
"item-19","1","Habibi IRQ line","L4","باچر الصبح نگعد وياكم بالگهوة.","Tomorrow morning we sit with you at the café.","","","","","","","","renders/iraqi-female-c1-L4.wav"
"item-20","1","Habibi IRQ line","L3","الچاي حار هواية، انطيني شوية مي بارد.","The tea is very hot, give me a little cold water.","","","","","","","","renders/msa-male-c1-L3.wav"
"item-21","1","Habibi IRQ line","L3","الچاي حار هواية، انطيني شوية مي بارد.","The tea is very hot, give me a little cold water.","","","","","","","","renders/msa-female-c1-L3.wav"
"item-22","1","Habibi IRQ line","L4","باچر الصبح نگعد وياكم بالگهوة.","Tomorrow morning we sit with you at the café.","","","","","","","","renders/iraqi-male-c1-L4.wav"
"item-23","1","Habibi IRQ line","L3","الچاي حار هواية، انطيني شوية مي بارد.","The tea is very hot, give me a little cold water.","","","","","","","","renders/iraqi-male-c1-L3.wav"
"item-24","1","seed (design engine output: the reference Habibi heard)","—","شلونك؟ اليوم الجو حار هواية، خلي نروح للسوگ باچر الصبح ونشتري خضرة، وبعدين نرجع للبيت.","How are you? It is very hot today; let us go to the market tomorrow morning, buy vegetables, then come home.","","","","","","","","seeds/iraqi-male-c1-s5002-24k.wav"
"item-25","2","Habibi IRQ line","L3","الچاي حار هواية، انطيني شوية مي بارد.","The tea is very hot, give me a little cold water.","","","","","","","","renders-h8/iraqi-male-c2-L3.wav"
"item-26","2","Habibi IRQ line","L3","الچاي حار هواية، انطيني شوية مي بارد.","The tea is very hot, give me a little cold water.","","","","","","","","renders-h8/iraqi-male-c1-L3.wav"
"item-27","2","Habibi IRQ line","L4","باچر الصبح نگعد وياكم بالگهوة.","Tomorrow morning we sit with you at the café.","","","","","","","","renders-h8/iraqi-female-c2-L4.wav"
"item-28","2","Habibi IRQ line","L2","گلتلك ماكو وقت، لازم نطلع هسه.","I told you there's no time, we have to leave now.","","","","","","","","renders/iraqi-female-c2-L2.wav"
"item-29","2","Habibi IRQ line","L4","باچر الصبح نگعد وياكم بالگهوة.","Tomorrow morning we sit with you at the café.","","","","","","","","renders-h8/msa-male-c2-L4.wav"
"item-30","2","Habibi IRQ line","L2","گلتلك ماكو وقت، لازم نطلع هسه.","I told you there's no time, we have to leave now.","","","","","","","","renders/iraqi-male-c2-L2.wav"
"item-31","2","Habibi IRQ line","L4","باچر الصبح نگعد وياكم بالگهوة.","Tomorrow morning we sit with you at the café.","","","","","","","","renders-h8/iraqi-male-c2-L4.wav"
"item-32","2","Habibi IRQ line","L2","گلتلك ماكو وقت، لازم نطلع هسه.","I told you there's no time, we have to leave now.","","","","","","","","renders/msa-male-c2-L2.wav"
"item-33","2","Habibi IRQ line","L1","شكو ماكو؟ هسه وصلت من الشغل.","What's up? I just got back from work.","","","","","","","","renders/msa-female-c2-L1.wav"
"item-34","2","Habibi IRQ line","L3","الچاي حار هواية، انطيني شوية مي بارد.","The tea is very hot, give me a little cold water.","","","","","","","","renders-h8/msa-male-c1-L3.wav"
"item-35","2","Habibi IRQ line","L4","باچر الصبح نگعد وياكم بالگهوة.","Tomorrow morning we sit with you at the café.","","","","","","","","renders-h8/msa-female-c2-L4.wav"
"item-36","2","Habibi IRQ line","L2","گلتلك ماكو وقت، لازم نطلع هسه.","I told you there's no time, we have to leave now.","","","","","","","","renders/iraqi-female-c1-L2.wav"
"item-37","2","Habibi IRQ line","L2","گلتلك ماكو وقت، لازم نطلع هسه.","I told you there's no time, we have to leave now.","","","","","","","","renders/msa-female-c1-L2.wav"
"item-38","2","Habibi IRQ line","L1","شكو ماكو؟ هسه وصلت من الشغل.","What's up? I just got back from work.","","","","","","","","renders/msa-male-c1-L1.wav"
"item-39","2","Habibi IRQ line","L4","باچر الصبح نگعد وياكم بالگهوة.","Tomorrow morning we sit with you at the café.","","","","","","","","renders-h8/iraqi-female-c1-L4.wav"
"item-40","2","Habibi IRQ line","L4","باچر الصبح نگعد وياكم بالگهوة.","Tomorrow morning we sit with you at the café.","","","","","","","","renders-h8/iraqi-male-c1-L4.wav"
"item-41","2","Habibi IRQ line","L2","گلتلك ماكو وقت، لازم نطلع هسه.","I told you there's no time, we have to leave now.","","","","","","","","renders/msa-female-c2-L2.wav"
"item-42","2","Habibi IRQ line","L3","الچاي حار هواية، انطيني شوية مي بارد.","The tea is very hot, give me a little cold water.","","","","","","","","renders-h8/iraqi-female-c1-L3.wav"
"item-43","2","Habibi IRQ line","L1","شكو ماكو؟ هسه وصلت من الشغل.","What's up? I just got back from work.","","","","","","","","renders/iraqi-female-c1-L1.wav"
"item-44","2","Habibi IRQ line","L3","الچاي حار هواية، انطيني شوية مي بارد.","The tea is very hot, give me a little cold water.","","","","","","","","renders-h8/iraqi-female-c2-L3.wav"
"item-45","2","Habibi IRQ line","L4","باچر الصبح نگعد وياكم بالگهوة.","Tomorrow morning we sit with you at the café.","","","","","","","","renders-h8/msa-female-c1-L4.wav"
"item-46","2","Habibi IRQ line","L3","الچاي حار هواية، انطيني شوية مي بارد.","The tea is very hot, give me a little cold water.","","","","","","","","renders-h8/msa-female-c1-L3.wav"
"item-47","2","Habibi IRQ line","L1","شكو ماكو؟ هسه وصلت من الشغل.","What's up? I just got back from work.","","","","","","","","renders/msa-female-c1-L1.wav"
"item-48","2","Habibi IRQ line","L2","گلتلك ماكو وقت، لازم نطلع هسه.","I told you there's no time, we have to leave now.","","","","","","","","renders/msa-male-c1-L2.wav"
"item-49","2","Habibi IRQ line","L1","شكو ماكو؟ هسه وصلت من الشغل.","What's up? I just got back from work.","","","","","","","","renders/msa-male-c2-L1.wav"
"item-50","2","Habibi IRQ line","L3","الچاي حار هواية، انطيني شوية مي بارد.","The tea is very hot, give me a little cold water.","","","","","","","","renders-h8/msa-female-c2-L3.wav"
"item-51","2","Habibi IRQ line","L4","باچر الصبح نگعد وياكم بالگهوة.","Tomorrow morning we sit with you at the café.","","","","","","","","renders-h8/msa-male-c1-L4.wav"
"item-52","2","Habibi IRQ line","L1","شكو ماكو؟ هسه وصلت من الشغل.","What's up? I just got back from work.","","","","","","","","renders/iraqi-male-c2-L1.wav"
"item-53","2","Habibi IRQ line","L1","شكو ماكو؟ هسه وصلت من الشغل.","What's up? I just got back from work.","","","","","","","","renders/iraqi-female-c2-L1.wav"
"item-54","2","Habibi IRQ line","L1","شكو ماكو؟ هسه وصلت من الشغل.","What's up? I just got back from work.","","","","","","","","renders/iraqi-male-c1-L1.wav"
"item-55","2","Habibi IRQ line","L2","گلتلك ماكو وقت، لازم نطلع هسه.","I told you there's no time, we have to leave now.","","","","","","","","renders/iraqi-male-c1-L2.wav"
"item-56","2","Habibi IRQ line","L3","الچاي حار هواية، انطيني شوية مي بارد.","The tea is very hot, give me a little cold water.","","","","","","","","renders-h8/msa-male-c2-L3.wav"
